STATION,NAME,LATITUDE,LONGITUDE,ELEVATION,DATE,EMXP,PRCP,TAVG,TMAX,TMIN
IN009012800,"BANGALORE HINDUSTAN, IN",12.95,77.633,897,2015-01,,,76.5,88.4,64.6
IN009012800,"BANGALORE HINDUSTAN, IN",12.95,77.633,897,2015-02,,,78.5,93.3,63.7
IN009012800,"BANGALORE HINDUSTAN, IN",12.95,77.633,897,2015-05,,,,96,
IN009012800,"BANGALORE HINDUSTAN, IN",12.95,77.633,897,2015-07,,,83.2,91.7,74.8
IN009012800,"BANGALORE HINDUSTAN, IN",12.95,77.633,897,2015-08,,,82.9,90.9,74.8
IN009012800,"BANGALORE HINDUSTAN, IN",12.95,77.633,897,2015-09,,,,90.5,
IN009012800,"BANGALORE HINDUSTAN, IN",12.95,77.633,897,2015-10,,,,91.3,
IN009012800,"BANGALORE HINDUSTAN, IN",12.95,77.633,897,2015-11,,,,84.5,
IN009012800,"BANGALORE HINDUSTAN, IN",12.95,77.633,897,2015-12,,,,,64.4
IN009012800,"BANGALORE HINDUSTAN, IN",12.95,77.633,897,2016-01,,,71.7,82.7,60.6
IN009012800,"BANGALORE HINDUSTAN, IN",12.95,77.633,897,2016-02,,,76.9,89.5,64.4
IN009012800,"BANGALORE HINDUSTAN, IN",12.95,77.633,897,2016-03,,,80.9,93.1,68.7
IN009012800,"BANGALORE HINDUSTAN, IN",12.95,77.633,897,2016-04,,,85.5,96.8,74.2
IN009012800,"BANGALORE HINDUSTAN, IN",12.95,77.633,897,2016-05,,,,92.6,
IN009012800,"BANGALORE HINDUSTAN, IN",12.95,77.633,897,2016-06,2.16,6.23,77,85.2,68.7
IN009012800,"BANGALORE HINDUSTAN, IN",12.95,77.633,897,2016-07,2.78,6.51,,83.5,
IN009012800,"BANGALORE HINDUSTAN, IN",12.95,77.633,897,2016-08,,,76.4,84.5,68.3
IN009012800,"BANGALORE HINDUSTAN, IN",12.95,77.633,897,2016-09,,,75.8,83.6,68
IN009012800,"BANGALORE HINDUSTAN, IN",12.95,77.633,897,2016-10,,,76.9,87,66.8
IN009012800,"BANGALORE HINDUSTAN, IN",12.95,77.633,897,2016-11,,,75.3,86.7,63.9
IN009012800,"BANGALORE HINDUSTAN, IN",12.95,77.633,897,2016-12,,,71.7,82.5,61
IN009012800,"BANGALORE HINDUSTAN, IN",12.95,77.633,897,2017-01,,,71.3,82.7,59.8
IN009012800,"BANGALORE HINDUSTAN, IN",12.95,77.633,897,2017-02,,,74.3,88.2,60.3
IN009012800,"BANGALORE HINDUSTAN, IN",12.95,77.633,897,2017-03,,,80.2,92,68.4
IN009012800,"BANGALORE HINDUSTAN, IN",12.95,77.633,897,2017-04,,,83.8,96,71.5
IN009012800,"BANGALORE HINDUSTAN, IN",12.95,77.633,897,2017-05,,,81.1,92.7,69.5
IN009012800,"BANGALORE HINDUSTAN, IN",12.95,77.633,897,2017-06,,,77.4,86.6,68.2
IN009012800,"BANGALORE HINDUSTAN, IN",12.95,77.633,897,2017-07,,,76.7,86.1,67.3
IN009012800,"BANGALORE HINDUSTAN, IN",12.95,77.633,897,2017-08,,,76.7,85.2,68.3
IN009012800,"BANGALORE HINDUSTAN, IN",12.95,77.633,897,2017-09,,,75.7,84.1,67.3
IN009012800,"BANGALORE HINDUSTAN, IN",12.95,77.633,897,2017-10,,,75.5,84.1,66.9
IN009012800,"BANGALORE HINDUSTAN, IN",12.95,77.633,897,2017-11,,,73.4,82,64.7
IN009012800,"BANGALORE HINDUSTAN, IN",12.95,77.633,897,2017-12,,,70.6,81.1,60.1
IN009012800,"BANGALORE HINDUSTAN, IN",12.95,77.633,897,2018-01,,,70.2,82.6,57.9
IN009012800,"BANGALORE HINDUSTAN, IN",12.95,77.633,897,2018-02,,,73.2,86.4,60.1
IN009012800,"BANGALORE HINDUSTAN, IN",12.95,77.633,897,2018-03,,,,91,
IN009012800,"BANGALORE HINDUSTAN, IN",12.95,77.633,897,2018-04,,,,93.1,
IN009012800,"BANGALORE HINDUSTAN, IN",12.95,77.633,897,2018-05,,,,90.1,
IN009012800,"BANGALORE HINDUSTAN, IN",12.95,77.633,897,2018-06,,,76.6,84.6,68.7
IN009012800,"BANGALORE HINDUSTAN, IN",12.95,77.633,897,2018-07,,,76,83.7,68.3
IN009012800,"BANGALORE HINDUSTAN, IN",12.95,77.633,897,2018-08,0.91,4.71,75.3,82.9,67.6
IN009012800,"BANGALORE HINDUSTAN, IN",12.95,77.633,897,2018-09,,,77.3,86.4,68.1
IN009012800,"BANGALORE HINDUSTAN, IN",12.95,77.633,897,2018-10,,,,85,
IN009012800,"BANGALORE HINDUSTAN, IN",12.95,77.633,897,2018-11,,,,84.1,
IN009012800,"BANGALORE HINDUSTAN, IN",12.95,77.633,897,2018-12,,,73.3,83.6,63
IN009012800,"BANGALORE HINDUSTAN, IN",12.95,77.633,897,2019-01,,,70.9,83.9,58
IN009012800,"BANGALORE HINDUSTAN, IN",12.95,77.633,897,2019-02,,,,88.3,
IN009012800,"BANGALORE HINDUSTAN, IN",12.95,77.633,897,2019-03,,,81.4,93.9,68.9
IN009012800,"BANGALORE HINDUSTAN, IN",12.95,77.633,897,2019-04,,,83.4,95.1,71.6
IN009012800,"BANGALORE HINDUSTAN, IN",12.95,77.633,897,2019-05,,,,93.8,
IN009012800,"BANGALORE HINDUSTAN, IN",12.95,77.633,897,2019-06,,,79.4,89.2,69.7
IN009012800,"BANGALORE HINDUSTAN, IN",12.95,77.633,897,2019-07,,,77.4,86.2,68.6
IN009012800,"BANGALORE HINDUSTAN, IN",12.95,77.633,897,2019-08,1.69,3.87,76,83.4,68.6
IN009012800,"BANGALORE HINDUSTAN, IN",12.95,77.633,897,2019-09,,,,,69
IN009012800,"BANGALORE HINDUSTAN, IN",12.95,77.633,897,2019-10,1.64,10.99,,83.6,
IN009012800,"BANGALORE HINDUSTAN, IN",12.95,77.633,897,2019-11,,,74.9,83.4,66.5
IN009012800,"BANGALORE HINDUSTAN, IN",12.95,77.633,897,2019-12,,,,80.2,
IN009012800,"BANGALORE HINDUSTAN, IN",12.95,77.633,897,2020-01,,,,85.4,
IN009012800,"BANGALORE HINDUSTAN, IN",12.95,77.633,897,2020-02,,,74.7,87.1,62.4
IN009012800,"BANGALORE HINDUSTAN, IN",12.95,77.633,897,2020-05,,,82.1,93.4,70.8
IN009012800,"BANGALORE HINDUSTAN, IN",12.95,77.633,897,2020-06,,,77.4,86.4,68.4
IN009012800,"BANGALORE HINDUSTAN, IN",12.95,77.633,897,2020-08,,,,,67.3
IN009012800,"BANGALORE HINDUSTAN, IN",12.95,77.633,897,2020-09,2.03,6.46,,,66.7
IN009012800,"BANGALORE HINDUSTAN, IN",12.95,77.633,897,2020-10,,,,,65.9
IN009012800,"BANGALORE HINDUSTAN, IN",12.95,77.633,897,2020-11,,,73.2,82.2,64.2
IN009012800,"BANGALORE HINDUSTAN, IN",12.95,77.633,897,2020-12,,,70,79.9,60.1
IN009012800,"BANGALORE HINDUSTAN, IN",12.95,77.633,897,2021-01,,,,,61
IN009012800,"BANGALORE HINDUSTAN, IN",12.95,77.633,897,2021-03,,,78,92,63.9
IN009012800,"BANGALORE HINDUSTAN, IN",12.95,77.633,897,2021-04,,,80.8,93.3,68.3
IN009012800,"BANGALORE HINDUSTAN, IN",12.95,77.633,897,2021-07,,,75.1,84,66.2
IN009012800,"BANGALORE HINDUSTAN, IN",12.95,77.633,897,2021-08,,,75.1,84.2,66
IN009012800,"BANGALORE HINDUSTAN, IN",12.95,77.633,897,2021-09,1.69,6.09,75.2,84.4,66
IN009012800,"BANGALORE HINDUSTAN, IN",12.95,77.633,897,2021-10,,,,,66.3
IN009012800,"BANGALORE HINDUSTAN, IN",12.95,77.633,897,2021-11,3.39,9,,,64.7
IN009012800,"BANGALORE HINDUSTAN, IN",12.95,77.633,897,2021-12,,,70.3,80.3,60.3
IN009012800,"BANGALORE HINDUSTAN, IN",12.95,77.633,897,2022-02,,,73.1,86.1,60.2
IN009012800,"BANGALORE HINDUSTAN, IN",12.95,77.633,897,2022-03,,,78.3,90.9,65.6
IN009012800,"BANGALORE HINDUSTAN, IN",12.95,77.633,897,2022-04,,,81.4,93.4,69.3
IN009012800,"BANGALORE HINDUSTAN, IN",12.95,77.633,897,2022-05,,,,86.5,
IN009012800,"BANGALORE HINDUSTAN, IN",12.95,77.633,897,2022-06,,,76.1,85.9,66.3
IN009012800,"BANGALORE HINDUSTAN, IN",12.95,77.633,897,2022-07,0.91,3.45,74.5,82.8,66.1
IN009012800,"BANGALORE HINDUSTAN, IN",12.95,77.633,897,2022-09,,,74.6,83.8,65.4
IN009012800,"BANGALORE HINDUSTAN, IN",12.95,77.633,897,2022-10,,,73,81.8,64.3
IN009012800,"BANGALORE HINDUSTAN, IN",12.95,77.633,897,2022-11,,,71.2,79.9,62.5
IN009012800,"BANGALORE HINDUSTAN, IN",12.95,77.633,897,2023-01,,,,81.4,
IN009012800,"BANGALORE HINDUSTAN, IN",12.95,77.633,897,2023-02,,,,86.6,
IN009012800,"BANGALORE HINDUSTAN, IN",12.95,77.633,897,2023-06,,,,,67.5
IN009012800,"BANGALORE HINDUSTAN, IN",12.95,77.633,897,2023-07,,,75.1,83.3,66.8
IN009012800,"BANGALORE HINDUSTAN, IN",12.95,77.633,897,2023-08,,,77.3,86.6,68
IN009012800,"BANGALORE HINDUSTAN, IN",12.95,77.633,897,2023-09,,,76.2,85,67.3
IN009012800,"BANGALORE HINDUSTAN, IN",12.95,77.633,897,2023-10,,,76.3,86.1,66.5
IN009012800,"BANGALORE HINDUSTAN, IN",12.95,77.633,897,2023-11,,,74,83.4,64.5
IN009012800,"BANGALORE HINDUSTAN, IN",12.95,77.633,897,2023-12,,,72.8,83.2,62.5
IN009012800,"BANGALORE HINDUSTAN, IN",12.95,77.633,897,2024-01,,,72.9,84.6,61.1
IN009012800,"BANGALORE HINDUSTAN, IN",12.95,77.633,897,2024-02,,,75.5,88.6,62.3
IN009012800,"BANGALORE HINDUSTAN, IN",12.95,77.633,897,2024-05,,,,94.3,
IN001080500,"BEGUMPET OBSERVATORY, IN",17.45,78.47,527,2015-07,,,,95.3,
IN001080500,"BEGUMPET OBSERVATORY, IN",17.45,78.47,527,2015-08,0.91,2.37,,92.7,
IN001080500,"BEGUMPET OBSERVATORY, IN",17.45,78.47,527,2015-09,,,,92,
IN001080500,"BEGUMPET OBSERVATORY, IN",17.45,78.47,527,2016-06,,,,,74.8
IN001080500,"BEGUMPET OBSERVATORY, IN",17.45,78.47,527,2017-06,,,,,74.9
IN001080500,"BEGUMPET OBSERVATORY, IN",17.45,78.47,527,2017-07,,,,,73.6
IN001080500,"BEGUMPET OBSERVATORY, IN",17.45,78.47,527,2017-08,,,,,73.1
IN001080500,"BEGUMPET OBSERVATORY, IN",17.45,78.47,527,2017-09,,,,,73.3
IN001080500,"BEGUMPET OBSERVATORY, IN",17.45,78.47,527,2017-10,,,,,70.3
IN001080500,"BEGUMPET OBSERVATORY, IN",17.45,78.47,527,2017-11,,,76.7,89,64.3
IN001080500,"BEGUMPET OBSERVATORY, IN",17.45,78.47,527,2017-12,,,,86.5,
IN001080500,"BEGUMPET OBSERVATORY, IN",17.45,78.47,527,2018-01,,,73.2,87.6,58.8
IN001080500,"BEGUMPET OBSERVATORY, IN",17.45,78.47,527,2018-04,,,,,75.8
IN001080500,"BEGUMPET OBSERVATORY, IN",17.45,78.47,527,2018-06,,,,,76.2
IN001080500,"BEGUMPET OBSERVATORY, IN",17.45,78.47,527,2018-07,,,,,73.7
IN001080500,"BEGUMPET OBSERVATORY, IN",17.45,78.47,527,2018-08,1.22,5.24,,,72
IN001080500,"BEGUMPET OBSERVATORY, IN",17.45,78.47,527,2018-09,,,,,71.7
IN001080500,"BEGUMPET OBSERVATORY, IN",17.45,78.47,527,2018-10,,,,,68.8
IN001080500,"BEGUMPET OBSERVATORY, IN",17.45,78.47,527,2018-11,,,,,64.8
IN001080500,"BEGUMPET OBSERVATORY, IN",17.45,78.47,527,2018-12,,,,,62.5
IN001080500,"BEGUMPET OBSERVATORY, IN",17.45,78.47,527,2019-02,,,,,67.4
IN001080500,"BEGUMPET OBSERVATORY, IN",17.45,78.47,527,2019-04,,,,,76.8
IN001080500,"BEGUMPET OBSERVATORY, IN",17.45,78.47,527,2019-07,1.02,3.28,,,74.8
IN001080500,"BEGUMPET OBSERVATORY, IN",17.45,78.47,527,2019-09,3.54,12.69,,,
IN001080500,"BEGUMPET OBSERVATORY, IN",17.45,78.47,527,2019-10,,,,,72.1
IN001080500,"BEGUMPET OBSERVATORY, IN",17.45,78.47,527,2019-11,,,,,68
IN001080500,"BEGUMPET OBSERVATORY, IN",17.45,78.47,527,2020-02,,,,,66.6
IN001080500,"BEGUMPET OBSERVATORY, IN",17.45,78.47,527,2020-03,,,,,71.8
IN001080500,"BEGUMPET OBSERVATORY, IN",17.45,78.47,527,2020-04,,,,,77
IN001080500,"BEGUMPET OBSERVATORY, IN",17.45,78.47,527,2020-11,,,,87.6,
IN001080500,"BEGUMPET OBSERVATORY, IN",17.45,78.47,527,2020-12,,,,85.5,
IN001080500,"BEGUMPET OBSERVATORY, IN",17.45,78.47,527,2021-04,,,,99.9,
IN001080500,"BEGUMPET OBSERVATORY, IN",17.45,78.47,527,2021-07,2.72,12.84,,,
IN001080500,"BEGUMPET OBSERVATORY, IN",17.45,78.47,527,2021-08,2.13,5.35,,,
IN001080500,"BEGUMPET OBSERVATORY, IN",17.45,78.47,527,2021-10,,,,89.4,
IN001080500,"BEGUMPET OBSERVATORY, IN",17.45,78.47,527,2022-04,,,,102.8,
IN001080500,"BEGUMPET OBSERVATORY, IN",17.45,78.47,527,2022-05,,,,101.9,
IN001080500,"BEGUMPET OBSERVATORY, IN",17.45,78.47,527,2022-06,,,,97.7,
IN001080500,"BEGUMPET OBSERVATORY, IN",17.45,78.47,527,2022-07,,,,86.1,
IN001080500,"BEGUMPET OBSERVATORY, IN",17.45,78.47,527,2022-08,,,,88.6,
IN001080500,"BEGUMPET OBSERVATORY, IN",17.45,78.47,527,2022-09,,,,88.4,
IN001080500,"BEGUMPET OBSERVATORY, IN",17.45,78.47,527,2022-10,,,,86.5,
IN001080500,"BEGUMPET OBSERVATORY, IN",17.45,78.47,527,2022-11,,,,86.7,
IN001080500,"BEGUMPET OBSERVATORY, IN",17.45,78.47,527,2023-05,,,,,78
IN001080500,"BEGUMPET OBSERVATORY, IN",17.45,78.47,527,2023-06,,,,,79
IN001080500,"BEGUMPET OBSERVATORY, IN",17.45,78.47,527,2023-07,2.56,13.2,,,
IN001080500,"BEGUMPET OBSERVATORY, IN",17.45,78.47,527,2023-09,3.39,13.57,,,
IN001080500,"BEGUMPET OBSERVATORY, IN",17.45,78.47,527,2023-10,,,,,69.7
IN001080500,"BEGUMPET OBSERVATORY, IN",17.45,78.47,527,2024-07,2.48,5.36,,,
IN001080500,"BEGUMPET OBSERVATORY, IN",17.45,78.47,527,2024-09,,,,,73.6
IN001080500,"BEGUMPET OBSERVATORY, IN",17.45,78.47,527,2024-10,,,,,72.7
IN001080500,"BEGUMPET OBSERVATORY, IN",17.45,78.47,527,2025-04,,,,,76.4
IN001080500,"BEGUMPET OBSERVATORY, IN",17.45,78.47,527,2025-05,,,,,75.8
IN001080500,"BEGUMPET OBSERVATORY, IN",17.45,78.47,527,2025-06,,,,,75.8
IN001080500,"BEGUMPET OBSERVATORY, IN",17.45,78.47,527,2025-07,,,,,73.2
IN010100400,"THIRUVANANTHAPURAM, IN",8.483,76.95,64,2015-01,,,,90.8,
IN010100400,"THIRUVANANTHAPURAM, IN",8.483,76.95,64,2015-02,,,83.5,92.9,74.1
IN010100400,"THIRUVANANTHAPURAM, IN",8.483,76.95,64,2015-03,,,84.7,93.7,75.6
IN010100400,"THIRUVANANTHAPURAM, IN",8.483,76.95,64,2015-04,,,,92.6,
IN010100400,"THIRUVANANTHAPURAM, IN",8.483,76.95,64,2015-05,,,,91.6,
IN010100400,"THIRUVANANTHAPURAM, IN",8.483,76.95,64,2015-06,4.69,16.17,,89.7,
IN010100400,"THIRUVANANTHAPURAM, IN",8.483,76.95,64,2015-07,1.02,2.43,83.1,89.9,76.2
IN010100400,"THIRUVANANTHAPURAM, IN",8.483,76.95,64,2015-08,,,83.7,90.8,76.6
IN010100400,"THIRUVANANTHAPURAM, IN",8.483,76.95,64,2015-09,2.01,10.04,,90.3,
IN010100400,"THIRUVANANTHAPURAM, IN",8.483,76.95,64,2015-10,4.29,15.17,82.6,89.6,75.6
IN010100400,"THIRUVANANTHAPURAM, IN",8.483,76.95,64,2015-11,1.61,9.59,,89.3,
IN010100400,"THIRUVANANTHAPURAM, IN",8.483,76.95,64,2015-12,,,82.7,90.6,74.7
IN010100400,"THIRUVANANTHAPURAM, IN",8.483,76.95,64,2016-01,,,83.3,92.5,74.2
IN010100400,"THIRUVANANTHAPURAM, IN",8.483,76.95,64,2016-02,,,,,76.3
IN010100400,"THIRUVANANTHAPURAM, IN",8.483,76.95,64,2016-03,,,86.8,95.1,78.6
IN010100400,"THIRUVANANTHAPURAM, IN",8.483,76.95,64,2016-04,,,,,81.1
IN010100400,"THIRUVANANTHAPURAM, IN",8.483,76.95,64,2016-05,,,,92.7,
IN010100400,"THIRUVANANTHAPURAM, IN",8.483,76.95,64,2016-06,2.83,14.72,,,
IN010100400,"THIRUVANANTHAPURAM, IN",8.483,76.95,64,2016-07,,,81.8,88.4,75.2
IN010100400,"THIRUVANANTHAPURAM, IN",8.483,76.95,64,2016-08,,,82.7,89.1,76.3
IN010100400,"THIRUVANANTHAPURAM, IN",8.483,76.95,64,2016-09,,,82.4,89.2,75.7
IN010100400,"THIRUVANANTHAPURAM, IN",8.483,76.95,64,2016-11,,,,,75.3
IN010100400,"THIRUVANANTHAPURAM, IN",8.483,76.95,64,2016-12,,,83.1,91.9,74.3
IN010100400,"THIRUVANANTHAPURAM, IN",8.483,76.95,64,2017-01,,,82.9,92.3,73.5
IN010100400,"THIRUVANANTHAPURAM, IN",8.483,76.95,64,2017-02,,,,,73.4
IN010100400,"THIRUVANANTHAPURAM, IN",8.483,76.95,64,2017-03,,,85.3,93.2,77.4
IN010100400,"THIRUVANANTHAPURAM, IN",8.483,76.95,64,2017-04,,,86.4,94,78.8
IN010100400,"THIRUVANANTHAPURAM, IN",8.483,76.95,64,2017-05,,,,92.3,
IN010100400,"THIRUVANANTHAPURAM, IN",8.483,76.95,64,2017-06,2.87,13.64,,,76.3
IN010100400,"THIRUVANANTHAPURAM, IN",8.483,76.95,64,2017-07,0.59,2.68,,,76.1
IN010100400,"THIRUVANANTHAPURAM, IN",8.483,76.95,64,2017-08,,,,,76
IN010100400,"THIRUVANANTHAPURAM, IN",8.483,76.95,64,2017-09,2.72,9.57,,,75.7
IN010100400,"THIRUVANANTHAPURAM, IN",8.483,76.95,64,2017-10,,,82.7,89.6,75.8
IN010100400,"THIRUVANANTHAPURAM, IN",8.483,76.95,64,2017-11,,,,,74.6
IN010100400,"THIRUVANANTHAPURAM, IN",8.483,76.95,64,2017-12,,,,,73.6
IN010100400,"THIRUVANANTHAPURAM, IN",8.483,76.95,64,2018-01,,,,,72.8
IN010100400,"THIRUVANANTHAPURAM, IN",8.483,76.95,64,2018-02,,,83.3,92.7,74
IN010100400,"THIRUVANANTHAPURAM, IN",8.483,76.95,64,2018-03,,,,,76.9
IN010100400,"THIRUVANANTHAPURAM, IN",8.483,76.95,64,2018-04,,,,,78.5
IN010100400,"THIRUVANANTHAPURAM, IN",8.483,76.95,64,2018-06,1.81,15.74,,,
IN010100400,"THIRUVANANTHAPURAM, IN",8.483,76.95,64,2018-07,,,81.4,88,74.7
IN010100400,"THIRUVANANTHAPURAM, IN",8.483,76.95,64,2018-08,,,,,74.5
IN010100400,"THIRUVANANTHAPURAM, IN",8.483,76.95,64,2018-09,,,83.2,90.9,75.6
IN010100400,"THIRUVANANTHAPURAM, IN",8.483,76.95,64,2018-10,2.32,11.98,,,
IN010100400,"THIRUVANANTHAPURAM, IN",8.483,76.95,64,2018-11,2.32,7.59,,,75
IN010100400,"THIRUVANANTHAPURAM, IN",8.483,76.95,64,2018-12,,,,,74.9
IN010100400,"THIRUVANANTHAPURAM, IN",8.483,76.95,64,2019-01,,,81.4,92.1,70.6
IN010100400,"THIRUVANANTHAPURAM, IN",8.483,76.95,64,2019-02,,,85.1,94.8,75.3
IN010100400,"THIRUVANANTHAPURAM, IN",8.483,76.95,64,2019-03,,,,,77.4
IN010100400,"THIRUVANANTHAPURAM, IN",8.483,76.95,64,2019-04,,,,96.7,
IN010100400,"THIRUVANANTHAPURAM, IN",8.483,76.95,64,2019-05,,,,94.4,
IN010100400,"THIRUVANANTHAPURAM, IN",8.483,76.95,64,2019-06,2.28,11.97,,,77.6
IN010100400,"THIRUVANANTHAPURAM, IN",8.483,76.95,64,2019-08,3.98,15.13,,87.9,
IN010100400,"THIRUVANANTHAPURAM, IN",8.483,76.95,64,2019-09,2.52,13.47,,,76
IN010100400,"THIRUVANANTHAPURAM, IN",8.483,76.95,64,2019-10,3.03,11.26,,,75.1
IN010100400,"THIRUVANANTHAPURAM, IN",8.483,76.95,64,2019-11,,,,,75.4
IN010100400,"THIRUVANANTHAPURAM, IN",8.483,76.95,64,2019-12,,,,,75.2
IN010100400,"THIRUVANANTHAPURAM, IN",8.483,76.95,64,2020-01,,,83,91.6,74.3
IN010100400,"THIRUVANANTHAPURAM, IN",8.483,76.95,64,2020-02,,,84.3,93.4,75.2
IN010100400,"THIRUVANANTHAPURAM, IN",8.483,76.95,64,2020-03,,,86.1,94.6,77.7
IN010100400,"THIRUVANANTHAPURAM, IN",8.483,76.95,64,2020-04,,,,94.6,
IN010100400,"THIRUVANANTHAPURAM, IN",8.483,76.95,64,2020-05,2.28,15.02,,92.8,
IN010100400,"THIRUVANANTHAPURAM, IN",8.483,76.95,64,2020-06,4.45,13.98,,,
IN010100400,"THIRUVANANTHAPURAM, IN",8.483,76.95,64,2020-07,1.89,6.37,,,
IN010100400,"THIRUVANANTHAPURAM, IN",8.483,76.95,64,2020-08,,,,,76
IN010100400,"THIRUVANANTHAPURAM, IN",8.483,76.95,64,2020-09,4.21,18.04,,88,
IN010100400,"THIRUVANANTHAPURAM, IN",8.483,76.95,64,2020-10,,,,,74.9
IN010100400,"THIRUVANANTHAPURAM, IN",8.483,76.95,64,2020-11,,,83.6,91.5,75.7
IN010100400,"THIRUVANANTHAPURAM, IN",8.483,76.95,64,2020-12,,,,,74.8
IN010100400,"THIRUVANANTHAPURAM, IN",8.483,76.95,64,2021-01,,,82,90.1,73.8
IN010100400,"THIRUVANANTHAPURAM, IN",8.483,76.95,64,2021-02,,,,,74.9
IN010100400,"THIRUVANANTHAPURAM, IN",8.483,76.95,64,2021-03,,,84.7,93.5,75.8
IN010100400,"THIRUVANANTHAPURAM, IN",8.483,76.95,64,2021-04,,,,93.5,
IN010100400,"THIRUVANANTHAPURAM, IN",8.483,76.95,64,2021-05,6.14,30.69,,,
IN010100400,"THIRUVANANTHAPURAM, IN",8.483,76.95,64,2021-06,1.26,3.9,83.2,90,76.4
IN010100400,"THIRUVANANTHAPURAM, IN",8.483,76.95,64,2021-07,,,82.4,89.3,75.4
IN010100400,"THIRUVANANTHAPURAM, IN",8.483,76.95,64,2021-08,1.26,7.13,82.1,88.8,75.4
IN010100400,"THIRUVANANTHAPURAM, IN",8.483,76.95,64,2021-09,3.15,7.96,82.5,89,76.1
IN010100400,"THIRUVANANTHAPURAM, IN",8.483,76.95,64,2021-10,2.32,17.71,,,75.2
IN010100400,"THIRUVANANTHAPURAM, IN",8.483,76.95,64,2021-11,2.56,17.3,,,
IN010100400,"THIRUVANANTHAPURAM, IN",8.483,76.95,64,2021-12,,,82.2,90.8,73.6
IN010100400,"THIRUVANANTHAPURAM, IN",8.483,76.95,64,2022-01,,,83.3,92.5,74.1
IN010100400,"THIRUVANANTHAPURAM, IN",8.483,76.95,64,2022-02,,,84.1,93,75.2
IN010100400,"THIRUVANANTHAPURAM, IN",8.483,76.95,64,2022-03,,,85.6,94.2,77
IN010100400,"THIRUVANANTHAPURAM, IN",8.483,76.95,64,2022-04,,,,92.4,
IN010100400,"THIRUVANANTHAPURAM, IN",8.483,76.95,64,2022-05,,,,90.1,
IN010100400,"THIRUVANANTHAPURAM, IN",8.483,76.95,64,2022-06,1.42,7.11,83,89.9,76
IN010100400,"THIRUVANANTHAPURAM, IN",8.483,76.95,64,2022-07,,,,88.2,
IN010100400,"THIRUVANANTHAPURAM, IN",8.483,76.95,64,2022-08,,,,,75
IN010100400,"THIRUVANANTHAPURAM, IN",8.483,76.95,64,2022-09,,,82,88.4,75.6
IN010100400,"THIRUVANANTHAPURAM, IN",8.483,76.95,64,2022-10,,,,,74.9
IN010100400,"THIRUVANANTHAPURAM, IN",8.483,76.95,64,2022-11,,,81.9,89.8,74
IN010100400,"THIRUVANANTHAPURAM, IN",8.483,76.95,64,2022-12,,,,,73.9
IN010100400,"THIRUVANANTHAPURAM, IN",8.483,76.95,64,2023-01,,,80.9,90.2,71.6
IN010100400,"THIRUVANANTHAPURAM, IN",8.483,76.95,64,2023-02,,,81.5,90.9,72.1
IN010100400,"THIRUVANANTHAPURAM, IN",8.483,76.95,64,2023-03,,,85.4,94.2,76.6
IN010100400,"THIRUVANANTHAPURAM, IN",8.483,76.95,64,2023-04,,,,94.5,
IN010100400,"THIRUVANANTHAPURAM, IN",8.483,76.95,64,2023-05,,,,92.7,
IN010100400,"THIRUVANANTHAPURAM, IN",8.483,76.95,64,2023-06,,,,,76.4
IN010100400,"THIRUVANANTHAPURAM, IN",8.483,76.95,64,2023-07,,,,,75.8
IN010100400,"THIRUVANANTHAPURAM, IN",8.483,76.95,64,2023-08,,,84.3,92,76.6
IN010100400,"THIRUVANANTHAPURAM, IN",8.483,76.95,64,2023-09,2.32,14.13,,,
IN010100400,"THIRUVANANTHAPURAM, IN",8.483,76.95,64,2023-10,4.65,25.05,,,75.5
IN010100400,"THIRUVANANTHAPURAM, IN",8.483,76.95,64,2023-11,,,83.4,91.2,75.5
IN010100400,"THIRUVANANTHAPURAM, IN",8.483,76.95,64,2023-12,,,,,75.8
IN010100400,"THIRUVANANTHAPURAM, IN",8.483,76.95,64,2024-01,,,84.4,93.8,75
IN010100400,"THIRUVANANTHAPURAM, IN",8.483,76.95,64,2024-02,,,85.3,94.7,75.9
IN010100400,"THIRUVANANTHAPURAM, IN",8.483,76.95,64,2024-05,,,,,78.2
IN010100400,"THIRUVANANTHAPURAM, IN",8.483,76.95,64,2024-06,2.24,15.42,,,77
IN010100400,"THIRUVANANTHAPURAM, IN",8.483,76.95,64,2024-07,1.77,8.85,,,
IN010100400,"THIRUVANANTHAPURAM, IN",8.483,76.95,64,2024-08,,,83.1,89.7,76.4
IN010100400,"THIRUVANANTHAPURAM, IN",8.483,76.95,64,2024-09,1.14,5.32,83.4,90.5,76.4
IN010100400,"THIRUVANANTHAPURAM, IN",8.483,76.95,64,2024-10,2.95,12.99,,,
IN010100400,"THIRUVANANTHAPURAM, IN",8.483,76.95,64,2025-01,,,84,93.1,74.9
IN010100400,"THIRUVANANTHAPURAM, IN",8.483,76.95,64,2025-02,,,83.8,93.6,73.9
IN010100400,"THIRUVANANTHAPURAM, IN",8.483,76.95,64,2025-03,,,,93.8,
IN010100400,"THIRUVANANTHAPURAM, IN",8.483,76.95,64,2025-04,,,,93.8,
IN010100400,"THIRUVANANTHAPURAM, IN",8.483,76.95,64,2025-06,2.56,12.85,,89.7,
IN010100400,"THIRUVANANTHAPURAM, IN",8.483,76.95,64,2025-07,1.57,7.53,,,74.3
IN020040900,"MADRAS MINAMBAKKAM, IN",13,80.183,16,2015-02,,,,,69.7
IN020040900,"MADRAS MINAMBAKKAM, IN",13,80.183,16,2015-03,,,83.5,92.5,74.5
IN020040900,"MADRAS MINAMBAKKAM, IN",13,80.183,16,2015-04,,,87.1,96.3,78
IN020040900,"MADRAS MINAMBAKKAM, IN",13,80.183,16,2015-05,,,,,80.6
IN020040900,"MADRAS MINAMBAKKAM, IN",13,80.183,16,2015-07,,,89.9,101,78.7
IN020040900,"MADRAS MINAMBAKKAM, IN",13,80.183,16,2015-08,,,,,76.6
IN020040900,"MADRAS MINAMBAKKAM, IN",13,80.183,16,2015-09,,,87.2,96.3,78.2
IN020040900,"MADRAS MINAMBAKKAM, IN",13,80.183,16,2015-10,,,,,74.8
IN020040900,"MADRAS MINAMBAKKAM, IN",13,80.183,16,2015-11,10.43,46.3,,,73
IN020040900,"MADRAS MINAMBAKKAM, IN",13,80.183,16,2015-12,,,,,71.1
IN020040900,"MADRAS MINAMBAKKAM, IN",13,80.183,16,2016-01,,,,,69.2
IN020040900,"MADRAS MINAMBAKKAM, IN",13,80.183,16,2016-02,,,,,71.3
IN020040900,"MADRAS MINAMBAKKAM, IN",13,80.183,16,2016-03,,,,,75.1
IN020040900,"MADRAS MINAMBAKKAM, IN",13,80.183,16,2016-04,,,,,79.6
IN020040900,"MADRAS MINAMBAKKAM, IN",13,80.183,16,2016-05,,,,,80.8
IN020040900,"MADRAS MINAMBAKKAM, IN",13,80.183,16,2016-07,,,,,78.4
IN020040900,"MADRAS MINAMBAKKAM, IN",13,80.183,16,2016-08,,,,,79.5
IN020040900,"MADRAS MINAMBAKKAM, IN",13,80.183,16,2016-09,3.03,10.22,,,
IN020040900,"MADRAS MINAMBAKKAM, IN",13,80.183,16,2016-10,,,,,76.5
IN020040900,"MADRAS MINAMBAKKAM, IN",13,80.183,16,2016-12,,,,,69
IN020040900,"MADRAS MINAMBAKKAM, IN",13,80.183,16,2017-01,,,,,68.9
IN020040900,"MADRAS MINAMBAKKAM, IN",13,80.183,16,2017-02,,,,,68.3
IN020040900,"MADRAS MINAMBAKKAM, IN",13,80.183,16,2017-03,,,,,75.7
IN020040900,"MADRAS MINAMBAKKAM, IN",13,80.183,16,2017-04,,,,,79.6
IN020040900,"MADRAS MINAMBAKKAM, IN",13,80.183,16,2017-05,,,,,82.1
IN020040900,"MADRAS MINAMBAKKAM, IN",13,80.183,16,2017-06,,,,,80.6
IN020040900,"MADRAS MINAMBAKKAM, IN",13,80.183,16,2017-08,2.4,8.41,,,76.6
IN020040900,"MADRAS MINAMBAKKAM, IN",13,80.183,16,2017-09,,,,,77.3
IN020040900,"MADRAS MINAMBAKKAM, IN",13,80.183,16,2017-10,,,,,76.3
IN020040900,"MADRAS MINAMBAKKAM, IN",13,80.183,16,2017-11,5.55,21.08,,,73.9
IN020040900,"MADRAS MINAMBAKKAM, IN",13,80.183,16,2017-12,,,,,71.2
IN020040900,"MADRAS MINAMBAKKAM, IN",13,80.183,16,2018-01,,,,,68.1
IN020040900,"MADRAS MINAMBAKKAM, IN",13,80.183,16,2018-02,,,,,69.4
IN020040900,"MADRAS MINAMBAKKAM, IN",13,80.183,16,2018-03,,,,,74.3
IN020040900,"MADRAS MINAMBAKKAM, IN",13,80.183,16,2018-04,,,,,80.5
IN020040900,"MADRAS MINAMBAKKAM, IN",13,80.183,16,2018-05,,,,,82.6
IN020040900,"MADRAS MINAMBAKKAM, IN",13,80.183,16,2018-06,,,,,82
IN020040900,"MADRAS MINAMBAKKAM, IN",13,80.183,16,2018-09,,,,,78.1
IN020040900,"MADRAS MINAMBAKKAM, IN",13,80.183,16,2018-10,,,,,75.8
IN020040900,"MADRAS MINAMBAKKAM, IN",13,80.183,16,2019-01,,,,,68.6
IN020040900,"MADRAS MINAMBAKKAM, IN",13,80.183,16,2019-02,,,,,73.1
IN020040900,"MADRAS MINAMBAKKAM, IN",13,80.183,16,2019-03,,,,,76.1
IN020040900,"MADRAS MINAMBAKKAM, IN",13,80.183,16,2019-04,,,,,79.8
IN020040900,"MADRAS MINAMBAKKAM, IN",13,80.183,16,2019-05,,,,,82.7
IN020040900,"MADRAS MINAMBAKKAM, IN",13,80.183,16,2019-06,,,,,82.3
IN020040900,"MADRAS MINAMBAKKAM, IN",13,80.183,16,2019-07,,,,,79.4
IN020040900,"MADRAS MINAMBAKKAM, IN",13,80.183,16,2019-10,,,,,76.5
IN020040900,"MADRAS MINAMBAKKAM, IN",13,80.183,16,2020-02,,,,,71.9
IN020040900,"MADRAS MINAMBAKKAM, IN",13,80.183,16,2020-03,,,,,75.4
IN020040900,"MADRAS MINAMBAKKAM, IN",13,80.183,16,2020-04,,,87.5,96.2,78.8
IN020040900,"MADRAS MINAMBAKKAM, IN",13,80.183,16,2020-05,,,,,83.3
IN020040900,"MADRAS MINAMBAKKAM, IN",13,80.183,16,2020-10,,,,,77.4
IN020040900,"MADRAS MINAMBAKKAM, IN",13,80.183,16,2020-12,,,,,71.3
IN020040900,"MADRAS MINAMBAKKAM, IN",13,80.183,16,2021-08,,,,,77.5
IN020040900,"MADRAS MINAMBAKKAM, IN",13,80.183,16,2021-09,,,,,78
IN020040900,"MADRAS MINAMBAKKAM, IN",13,80.183,16,2021-11,5.59,38.52,,,74.5
IN020040900,"MADRAS MINAMBAKKAM, IN",13,80.183,16,2021-12,,,,,72.2
IN020040900,"MADRAS MINAMBAKKAM, IN",13,80.183,16,2022-01,,,,,72
IN020040900,"MADRAS MINAMBAKKAM, IN",13,80.183,16,2022-02,,,,,71.3
IN020040900,"MADRAS MINAMBAKKAM, IN",13,80.183,16,2022-03,,,,,76.5
IN020040900,"MADRAS MINAMBAKKAM, IN",13,80.183,16,2022-04,,,,,80.9
IN020040900,"MADRAS MINAMBAKKAM, IN",13,80.183,16,2022-05,,,,100.3,
IN020040900,"MADRAS MINAMBAKKAM, IN",13,80.183,16,2022-06,,,,100.7,
IN020040900,"MADRAS MINAMBAKKAM, IN",13,80.183,16,2022-07,,,86.6,95.4,77.8
IN020040900,"MADRAS MINAMBAKKAM, IN",13,80.183,16,2022-08,,,,95.7,
IN020040900,"MADRAS MINAMBAKKAM, IN",13,80.183,16,2022-11,,,,,73.2
IN020040900,"MADRAS MINAMBAKKAM, IN",13,80.183,16,2022-12,,,,,73.5
IN020040900,"MADRAS MINAMBAKKAM, IN",13,80.183,16,2023-01,,,,,70.2
IN020040900,"MADRAS MINAMBAKKAM, IN",13,80.183,16,2023-02,,,,,70.3
IN020040900,"MADRAS MINAMBAKKAM, IN",13,80.183,16,2023-03,,,,,74.7
IN020040900,"MADRAS MINAMBAKKAM, IN",13,80.183,16,2023-04,,,,,79.2
IN020040900,"MADRAS MINAMBAKKAM, IN",13,80.183,16,2023-10,,,,,77.4
IN020040900,"MADRAS MINAMBAKKAM, IN",13,80.183,16,2023-11,3.82,19.01,,,
IN020040900,"MADRAS MINAMBAKKAM, IN",13,80.183,16,2023-12,,,,,72.8
IN020040900,"MADRAS MINAMBAKKAM, IN",13,80.183,16,2024-01,,,,,70.7
IN020040900,"MADRAS MINAMBAKKAM, IN",13,80.183,16,2024-02,,,,,73
IN020040900,"MADRAS MINAMBAKKAM, IN",13,80.183,16,2024-04,,,,,79.5
IN020040900,"MADRAS MINAMBAKKAM, IN",13,80.183,16,2024-05,,,,,82
IN020040900,"MADRAS MINAMBAKKAM, IN",13,80.183,16,2024-08,,,,,78
IN020040900,"MADRAS MINAMBAKKAM, IN",13,80.183,16,2024-10,,,,,77.9
IN020040900,"MADRAS MINAMBAKKAM, IN",13,80.183,16,2025-01,,,,,71.5
IN020040900,"MADRAS MINAMBAKKAM, IN",13,80.183,16,2025-02,,,81.5,91.3,71.6
IN020040900,"MADRAS MINAMBAKKAM, IN",13,80.183,16,2025-03,,,,,75.9
IN010100700,"THIRUVANANTHAPURAM, IN",8.467,76.95,8,2016-01,,,,,73.8
IN010100700,"THIRUVANANTHAPURAM, IN",8.467,76.95,8,2016-03,,,,,78.7
IN010100700,"THIRUVANANTHAPURAM, IN",8.467,76.95,8,2016-04,,,,,81.8
IN010100700,"THIRUVANANTHAPURAM, IN",8.467,76.95,8,2016-05,5.43,16.91,85.5,92.6,78.3
IN010100700,"THIRUVANANTHAPURAM, IN",8.467,76.95,8,2016-06,1.93,13.77,82.3,88.8,75.7
IN010100700,"THIRUVANANTHAPURAM, IN",8.467,76.95,8,2016-07,1.38,5.19,81.8,88.1,75.5
IN010100700,"THIRUVANANTHAPURAM, IN",8.467,76.95,8,2016-08,,,82.4,88.4,76.4
IN010100700,"THIRUVANANTHAPURAM, IN",8.467,76.95,8,2016-09,,,81.5,87,76
IN010100700,"THIRUVANANTHAPURAM, IN",8.467,76.95,8,2016-10,,,82.5,88.6,76.3
IN010100700,"THIRUVANANTHAPURAM, IN",8.467,76.95,8,2016-11,,,,,76.3
IN010100700,"THIRUVANANTHAPURAM, IN",8.467,76.95,8,2016-12,,,,,75.1
IN010100700,"THIRUVANANTHAPURAM, IN",8.467,76.95,8,2017-01,,,82.1,89.4,74.7
IN010100700,"THIRUVANANTHAPURAM, IN",8.467,76.95,8,2017-02,,,81.9,89.7,74
IN010100700,"THIRUVANANTHAPURAM, IN",8.467,76.95,8,2017-03,,,84.8,91.2,78.3
IN010100700,"THIRUVANANTHAPURAM, IN",8.467,76.95,8,2017-04,,,86.3,92.7,80
IN010100700,"THIRUVANANTHAPURAM, IN",8.467,76.95,8,2017-05,,,,91.4,
IN010100700,"THIRUVANANTHAPURAM, IN",8.467,76.95,8,2017-06,2.4,12.78,82.3,88,76.6
IN010100700,"THIRUVANANTHAPURAM, IN",8.467,76.95,8,2017-07,,,,88.9,
IN010100700,"THIRUVANANTHAPURAM, IN",8.467,76.95,8,2017-08,,,81.8,87.5,76
IN010100700,"THIRUVANANTHAPURAM, IN",8.467,76.95,8,2017-09,2.09,8.16,81.9,87.5,76.3
IN010100700,"THIRUVANANTHAPURAM, IN",8.467,76.95,8,2017-10,1.61,6.11,82.4,88.3,76.6
IN010100700,"THIRUVANANTHAPURAM, IN",8.467,76.95,8,2017-11,,,82,88.5,75.6
IN010100700,"THIRUVANANTHAPURAM, IN",8.467,76.95,8,2017-12,,,81.6,88.8,74.4
IN010100700,"THIRUVANANTHAPURAM, IN",8.467,76.95,8,2018-01,,,81.2,88.5,73.8
IN010100700,"THIRUVANANTHAPURAM, IN",8.467,76.95,8,2018-02,,,82.5,90,74.9
IN010100700,"THIRUVANANTHAPURAM, IN",8.467,76.95,8,2018-03,,,84.8,91.8,77.8
IN010100700,"THIRUVANANTHAPURAM, IN",8.467,76.95,8,2018-04,,,85.7,92.2,79.2
IN010100700,"THIRUVANANTHAPURAM, IN",8.467,76.95,8,2018-05,2.32,11.07,84.3,90.6,78
IN010100700,"THIRUVANANTHAPURAM, IN",8.467,76.95,8,2018-06,2.13,16.04,,87.9,
IN010100700,"THIRUVANANTHAPURAM, IN",8.467,76.95,8,2018-07,,,,87,
IN010100700,"THIRUVANANTHAPURAM, IN",8.467,76.95,8,2018-08,,,80.5,86.3,74.7
IN010100700,"THIRUVANANTHAPURAM, IN",8.467,76.95,8,2018-09,,,,88.5,
IN010100700,"THIRUVANANTHAPURAM, IN",8.467,76.95,8,2018-10,1.85,8.24,,88.4,
IN010100700,"THIRUVANANTHAPURAM, IN",8.467,76.95,8,2018-11,,,,,75.8
IN010100700,"THIRUVANANTHAPURAM, IN",8.467,76.95,8,2018-12,,,,,76.1
IN010100700,"THIRUVANANTHAPURAM, IN",8.467,76.95,8,2019-01,,,,,72.3
IN010100700,"THIRUVANANTHAPURAM, IN",8.467,76.95,8,2019-02,,,,,76.4
IN010100700,"THIRUVANANTHAPURAM, IN",8.467,76.95,8,2019-03,,,85.6,92.6,78.7
IN010100700,"THIRUVANANTHAPURAM, IN",8.467,76.95,8,2019-04,,,,,79.7
IN010100700,"THIRUVANANTHAPURAM, IN",8.467,76.95,8,2019-05,,,,,80.7
IN010100700,"THIRUVANANTHAPURAM, IN",8.467,76.95,8,2019-06,,,,89.6,
IN010100700,"THIRUVANANTHAPURAM, IN",8.467,76.95,8,2019-07,,,81.8,87.8,75.8
IN010100700,"THIRUVANANTHAPURAM, IN",8.467,76.95,8,2019-08,3.82,12.81,,87.5,
IN010100700,"THIRUVANANTHAPURAM, IN",8.467,76.95,8,2019-09,3.5,12.72,,88.4,
IN010100700,"THIRUVANANTHAPURAM, IN",8.467,76.95,8,2019-10,3.03,14.06,81.8,88,75.6
IN010100700,"THIRUVANANTHAPURAM, IN",8.467,76.95,8,2019-11,,,,,76.4
IN010100700,"THIRUVANANTHAPURAM, IN",8.467,76.95,8,2020-01,,,82,89.2,74.8
IN010100700,"THIRUVANANTHAPURAM, IN",8.467,76.95,8,2020-05,3.03,16.34,,,
IN010100700,"THIRUVANANTHAPURAM, IN",8.467,76.95,8,2020-06,5.28,15.37,,,76.5
IN010100700,"THIRUVANANTHAPURAM, IN",8.467,76.95,8,2020-07,2.06,7.41,,,76.6
IN010100700,"THIRUVANANTHAPURAM, IN",8.467,76.95,8,2020-08,,,,,76.5
IN010100700,"THIRUVANANTHAPURAM, IN",8.467,76.95,8,2020-09,5.67,20.16,,,75.6
IN010100700,"THIRUVANANTHAPURAM, IN",8.467,76.95,8,2020-10,,,,,75.3
IN010100700,"THIRUVANANTHAPURAM, IN",8.467,76.95,8,2020-11,,,,,76.1
IN010100700,"THIRUVANANTHAPURAM, IN",8.467,76.95,8,2020-12,,,,,75
IN010100700,"THIRUVANANTHAPURAM, IN",8.467,76.95,8,2021-01,,,,,74.2
IN010100700,"THIRUVANANTHAPURAM, IN",8.467,76.95,8,2021-02,,,,,75
IN010100700,"THIRUVANANTHAPURAM, IN",8.467,76.95,8,2021-03,,,,,76
IN010100700,"THIRUVANANTHAPURAM, IN",8.467,76.95,8,2021-04,,,85.5,93.1,77.8
IN010100700,"THIRUVANANTHAPURAM, IN",8.467,76.95,8,2021-05,6.5,32.17,,,75.8
IN010100700,"THIRUVANANTHAPURAM, IN",8.467,76.95,8,2021-06,,,82.7,89.6,75.7
IN010100700,"THIRUVANANTHAPURAM, IN",8.467,76.95,8,2021-07,3.15,7.59,81.7,89,74.4
IN010100700,"THIRUVANANTHAPURAM, IN",8.467,76.95,8,2021-08,,,,,73.8
IN010100700,"THIRUVANANTHAPURAM, IN",8.467,76.95,8,2021-09,2.87,10.13,81.2,88.1,74.3
IN010100700,"THIRUVANANTHAPURAM, IN",8.467,76.95,8,2021-10,3.54,15.8,80.9,88.2,73.7
IN010100700,"THIRUVANANTHAPURAM, IN",8.467,76.95,8,2021-11,3.31,14.24,,,73.4
IN010100700,"THIRUVANANTHAPURAM, IN",8.467,76.95,8,2021-12,,,81,89.7,72.4
IN010100700,"THIRUVANANTHAPURAM, IN",8.467,76.95,8,2022-01,,,,,72.2
IN010100700,"THIRUVANANTHAPURAM, IN",8.467,76.95,8,2022-02,,,81.7,90.1,73.2
IN010100700,"THIRUVANANTHAPURAM, IN",8.467,76.95,8,2022-03,,,83.7,91.6,75.8
IN010100700,"THIRUVANANTHAPURAM, IN",8.467,76.95,8,2022-04,1.14,4.37,84.5,91.8,77.3
IN010100700,"THIRUVANANTHAPURAM, IN",8.467,76.95,8,2022-05,,,83,89.7,76.2
IN010100700,"THIRUVANANTHAPURAM, IN",8.467,76.95,8,2022-06,2.09,6.67,82.1,88.8,75.5
IN010100700,"THIRUVANANTHAPURAM, IN",8.467,76.95,8,2022-07,1.14,5.78,,,74.5
IN010100700,"THIRUVANANTHAPURAM, IN",8.467,76.95,8,2022-08,,,80.4,86.5,74.3
IN010100700,"THIRUVANANTHAPURAM, IN",8.467,76.95,8,2022-09,,,81.8,87.9,75.7
IN010100700,"THIRUVANANTHAPURAM, IN",8.467,76.95,8,2022-10,,,,,74.8
IN010100700,"THIRUVANANTHAPURAM, IN",8.467,76.95,8,2022-11,,,81.2,88.4,74
IN010100700,"THIRUVANANTHAPURAM, IN",8.467,76.95,8,2022-12,,,81.2,88.9,73.5
IN010100700,"THIRUVANANTHAPURAM, IN",8.467,76.95,8,2023-01,,,80.3,88.8,71.7
IN010100700,"THIRUVANANTHAPURAM, IN",8.467,76.95,8,2023-02,,,,,72.9
IN010100700,"THIRUVANANTHAPURAM, IN",8.467,76.95,8,2023-03,,,,,77.4
IN010100700,"THIRUVANANTHAPURAM, IN",8.467,76.95,8,2023-04,,,86.1,93.1,79
IN010100700,"THIRUVANANTHAPURAM, IN",8.467,76.95,8,2023-05,,,86.1,93.2,79
IN010100700,"THIRUVANANTHAPURAM, IN",8.467,76.95,8,2023-06,,,,,76
IN010100700,"THIRUVANANTHAPURAM, IN",8.467,76.95,8,2023-07,,,,,75.2
IN010100700,"THIRUVANANTHAPURAM, IN",8.467,76.95,8,2023-08,,,,,76.2
IN010100700,"THIRUVANANTHAPURAM, IN",8.467,76.95,8,2023-09,2.24,18.13,,,74.8
IN010100700,"THIRUVANANTHAPURAM, IN",8.467,76.95,8,2023-10,8.31,25,,,75.1
IN010100700,"THIRUVANANTHAPURAM, IN",8.467,76.95,8,2023-11,1.85,5.8,,,76
IN010100700,"THIRUVANANTHAPURAM, IN",8.467,76.95,8,2023-12,,,,,77.2
IN010100700,"THIRUVANANTHAPURAM, IN",8.467,76.95,8,2024-01,,,,,76
IN010100700,"THIRUVANANTHAPURAM, IN",8.467,76.95,8,2024-02,,,,,76.9
IN010100700,"THIRUVANANTHAPURAM, IN",8.467,76.95,8,2024-05,,,,91.9,
IN010100700,"THIRUVANANTHAPURAM, IN",8.467,76.95,8,2024-06,2.32,14.22,,,
IN010100700,"THIRUVANANTHAPURAM, IN",8.467,76.95,8,2024-07,1.89,7.92,,88.8,
IN010100700,"THIRUVANANTHAPURAM, IN",8.467,76.95,8,2024-08,,,82.7,88.7,76.6
IN010100700,"THIRUVANANTHAPURAM, IN",8.467,76.95,8,2024-09,0.67,4.49,83,89.1,77
IN010100700,"THIRUVANANTHAPURAM, IN",8.467,76.95,8,2024-10,4.41,16.22,,,
IN010100700,"THIRUVANANTHAPURAM, IN",8.467,76.95,8,2024-12,,,,,76.2
IN010100700,"THIRUVANANTHAPURAM, IN",8.467,76.95,8,2025-01,,,,,75.9
IN010100700,"THIRUVANANTHAPURAM, IN",8.467,76.95,8,2025-02,,,,,75.3
IN010100700,"THIRUVANANTHAPURAM, IN",8.467,76.95,8,2025-04,,,,,78.9
IN010100700,"THIRUVANANTHAPURAM, IN",8.467,76.95,8,2025-06,2.76,11.28,,,76
IN010100700,"THIRUVANANTHAPURAM, IN",8.467,76.95,8,2025-07,1.42,6.76,,,
IN009010100,"BANGALORE, IN",12.967,77.583,921,2015-01,,,,83,
IN009010100,"BANGALORE, IN",12.967,77.583,921,2015-02,,,75.5,88.5,62.4
IN009010100,"BANGALORE, IN",12.967,77.583,921,2015-03,,,80.1,92,68.2
IN009010100,"BANGALORE, IN",12.967,77.583,921,2015-04,,,,91.8,
IN009010100,"BANGALORE, IN",12.967,77.583,921,2015-05,,,,89.9,
IN009010100,"BANGALORE, IN",12.967,77.583,921,2015-06,0.73,2.06,77.9,86.3,69.5
IN009010100,"BANGALORE, IN",12.967,77.583,921,2015-07,,,77.1,85.6,68.5
IN009010100,"BANGALORE, IN",12.967,77.583,921,2015-08,,,77,85.2,68.8
IN009010100,"BANGALORE, IN",12.967,77.583,921,2015-09,,,77.1,86,68.2
IN009010100,"BANGALORE, IN",12.967,77.583,921,2015-10,,,77.8,87,68.6
IN009010100,"BANGALORE, IN",12.967,77.583,921,2015-11,,,,79.6,
IN009010100,"BANGALORE, IN",12.967,77.583,921,2015-12,,,73.5,83,64
IN009010100,"BANGALORE, IN",12.967,77.583,921,2016-01,,,72.4,83.2,61.5
IN009010100,"BANGALORE, IN",12.967,77.583,921,2016-02,,,77.6,89.5,65.8
IN009010100,"BANGALORE, IN",12.967,77.583,921,2016-03,,,82.3,94,70.7
IN009010100,"BANGALORE, IN",12.967,77.583,921,2016-04,,,86.8,98,75.6
IN009010100,"BANGALORE, IN",12.967,77.583,921,2016-05,,,,92.9,
IN009010100,"BANGALORE, IN",12.967,77.583,921,2016-06,1.88,6.78,,,69.1
IN009010100,"BANGALORE, IN",12.967,77.583,921,2016-07,1.65,8.2,,,68.4
IN009010100,"BANGALORE, IN",12.967,77.583,921,2016-08,,,76,83.5,68.4
IN009010100,"BANGALORE, IN",12.967,77.583,921,2016-09,,,,,68.2
IN009010100,"BANGALORE, IN",12.967,77.583,921,2016-10,,,77.3,87.8,66.9
IN009010100,"BANGALORE, IN",12.967,77.583,921,2016-11,,,76,87.4,64.6
IN009010100,"BANGALORE, IN",12.967,77.583,921,2016-12,,,,,61.8
IN009010100,"BANGALORE, IN",12.967,77.583,921,2017-01,,,72.6,83.5,61.8
IN009010100,"BANGALORE, IN",12.967,77.583,921,2017-02,,,76.2,89.5,62.8
IN009010100,"BANGALORE, IN",12.967,77.583,921,2017-03,,,81.8,93.5,70
IN009010100,"BANGALORE, IN",12.967,77.583,921,2017-04,,,85,96.7,73.4
IN009010100,"BANGALORE, IN",12.967,77.583,921,2017-05,,,,92.7,
IN009010100,"BANGALORE, IN",12.967,77.583,921,2017-06,,,,,69.5
IN009010100,"BANGALORE, IN",12.967,77.583,921,2017-07,,,,,68.8
IN009010100,"BANGALORE, IN",12.967,77.583,921,2017-08,5.07,13.86,,,69.3
IN009010100,"BANGALORE, IN",12.967,77.583,921,2017-09,2.83,19.72,,,
IN009010100,"BANGALORE, IN",12.967,77.583,921,2017-10,,,,,68.4
IN009010100,"BANGALORE, IN",12.967,77.583,921,2017-11,,,74.6,82.7,66.6
IN009010100,"BANGALORE, IN",12.967,77.583,921,2017-12,,,,,62.3
IN009010100,"BANGALORE, IN",12.967,77.583,921,2018-01,,,72.4,83.7,61.1
IN009010100,"BANGALORE, IN",12.967,77.583,921,2018-02,,,75.6,88.1,63.2
IN009010100,"BANGALORE, IN",12.967,77.583,921,2018-03,,,79.9,92.1,67.7
IN009010100,"BANGALORE, IN",12.967,77.583,921,2018-04,,,82.2,92.6,71.8
IN009010100,"BANGALORE, IN",12.967,77.583,921,2018-06,,,,,69
IN009010100,"BANGALORE, IN",12.967,77.583,921,2018-07,,,75.3,82,68.6
IN009010100,"BANGALORE, IN",12.967,77.583,921,2018-08,1.64,6.23,,,68
IN009010100,"BANGALORE, IN",12.967,77.583,921,2018-09,,,76.9,85.1,68.7
IN009010100,"BANGALORE, IN",12.967,77.583,921,2018-10,,,76.2,85.5,67
IN009010100,"BANGALORE, IN",12.967,77.583,921,2018-11,,,,,65
IN009010100,"BANGALORE, IN",12.967,77.583,921,2018-12,,,73.9,83.6,64.2
IN009010100,"BANGALORE, IN",12.967,77.583,921,2019-01,,,71.9,84.7,59.1
IN009010100,"BANGALORE, IN",12.967,77.583,921,2019-02,,,77,88.6,65.4
IN009010100,"BANGALORE, IN",12.967,77.583,921,2019-03,,,82.7,94.4,71.1
IN009010100,"BANGALORE, IN",12.967,77.583,921,2019-04,,,85,96,74
IN009010100,"BANGALORE, IN",12.967,77.583,921,2019-06,,,79.4,88.2,70.7
IN009010100,"BANGALORE, IN",12.967,77.583,921,2019-07,,,77,84.7,69.4
IN009010100,"BANGALORE, IN",12.967,77.583,921,2019-08,0.95,5.76,,,
IN009010100,"BANGALORE, IN",12.967,77.583,921,2019-09,1.21,5.42,,,69.4
IN009010100,"BANGALORE, IN",12.967,77.583,921,2019-10,1.53,7,76,83.5,68.5
IN009010100,"BANGALORE, IN",12.967,77.583,921,2020-01,,,74.9,86.3,63.6
IN009010100,"BANGALORE, IN",12.967,77.583,921,2020-02,,,76.5,88.8,64.3
IN009010100,"BANGALORE, IN",12.967,77.583,921,2020-03,,,,93,
IN009010100,"BANGALORE, IN",12.967,77.583,921,2020-04,,,82.7,94,71.4
IN009010100,"BANGALORE, IN",12.967,77.583,921,2020-05,,,,,72.8
IN009010100,"BANGALORE, IN",12.967,77.583,921,2020-06,1.56,4.65,,,
IN009010100,"BANGALORE, IN",12.967,77.583,921,2020-07,1.15,5.51,,,
IN009010100,"BANGALORE, IN",12.967,77.583,921,2020-08,,,,,69
IN009010100,"BANGALORE, IN",12.967,77.583,921,2020-09,2.56,11.74,,,
IN009010100,"BANGALORE, IN",12.967,77.583,921,2020-12,,,72.2,81.3,63.1
IN009010100,"BANGALORE, IN",12.967,77.583,921,2021-01,,,73.1,82.9,63.2
IN009010100,"BANGALORE, IN",12.967,77.583,921,2021-02,,,,,62.9
IN009010100,"BANGALORE, IN",12.967,77.583,921,2021-03,,,80.1,93.1,67.2
IN009010100,"BANGALORE, IN",12.967,77.583,921,2021-04,,,,93.7,
IN009010100,"BANGALORE, IN",12.967,77.583,921,2021-05,,,80.7,89.8,71.6
IN009010100,"BANGALORE, IN",12.967,77.583,921,2021-06,,,77.6,85.6,69.6
IN009010100,"BANGALORE, IN",12.967,77.583,921,2021-07,,,,82.8,
IN009010100,"BANGALORE, IN",12.967,77.583,921,2021-08,0.98,3.59,,,68.7
IN009010100,"BANGALORE, IN",12.967,77.583,921,2021-09,,,,,68.7
IN009010100,"BANGALORE, IN",12.967,77.583,921,2021-11,2.89,9.56,,,
IN009010100,"BANGALORE, IN",12.967,77.583,921,2022-01,,,,,63.4
IN009010100,"BANGALORE, IN",12.967,77.583,921,2022-02,,,75.7,87.9,63.5
IN009010100,"BANGALORE, IN",12.967,77.583,921,2022-03,,,,,68.5
IN009010100,"BANGALORE, IN",12.967,77.583,921,2022-04,,,83.2,94,72.4
IN009010100,"BANGALORE, IN",12.967,77.583,921,2022-05,,,,87,
IN009010100,"BANGALORE, IN",12.967,77.583,921,2022-06,,,77.7,86.2,69.2
IN009010100,"BANGALORE, IN",12.967,77.583,921,2022-07,3.25,7.38,75.3,81.9,68.6
IN009010100,"BANGALORE, IN",12.967,77.583,921,2022-08,,,75.2,82.2,68.3
IN009010100,"BANGALORE, IN",12.967,77.583,921,2022-09,,,75.7,83.2,68.3
IN009010100,"BANGALORE, IN",12.967,77.583,921,2022-10,,,,,66.8
IN009010100,"BANGALORE, IN",12.967,77.583,921,2022-11,,,,,65.3
IN009010100,"BANGALORE, IN",12.967,77.583,921,2023-01,,,71.5,83.5,59.5
IN009010100,"BANGALORE, IN",12.967,77.583,921,2023-02,,,75.3,88.4,62.2
IN009010100,"BANGALORE, IN",12.967,77.583,921,2023-03,,,,,67.5
IN009010100,"BANGALORE, IN",12.967,77.583,921,2023-04,,,,,71.7
IN009010100,"BANGALORE, IN",12.967,77.583,921,2023-06,,,,,70.9
IN009010100,"BANGALORE, IN",12.967,77.583,921,2023-07,0.98,5.62,,,
IN009010100,"BANGALORE, IN",12.967,77.583,921,2023-08,,,,,70.1
IN009010100,"BANGALORE, IN",12.967,77.583,921,2023-09,3.5,8.99,,,
IN009010100,"BANGALORE, IN",12.967,77.583,921,2023-11,,,,,67.7
IN009010100,"BANGALORE, IN",12.967,77.583,921,2024-01,,,,,63.7
IN009010100,"BANGALORE, IN",12.967,77.583,921,2024-02,,,78.2,90,66.4
IN009010100,"BANGALORE, IN",12.967,77.583,921,2024-04,,,,98.3,
IN009010100,"BANGALORE, IN",12.967,77.583,921,2024-06,,,,,70.3
IN009010100,"BANGALORE, IN",12.967,77.583,921,2024-07,0.87,2.83,,,
IN009010100,"BANGALORE, IN",12.967,77.583,921,2024-08,,,,,70
IN009010100,"BANGALORE, IN",12.967,77.583,921,2024-09,,,77.3,85.3,69.4
IN009010100,"BANGALORE, IN",12.967,77.583,921,2024-10,,,,,69.3
IN009010100,"BANGALORE, IN",12.967,77.583,921,2024-12,,,,,65.7
IN009010100,"BANGALORE, IN",12.967,77.583,921,2025-01,,,,,61.5
IN009010100,"BANGALORE, IN",12.967,77.583,921,2025-02,,,77.1,90.2,64.1
IN009010100,"BANGALORE, IN",12.967,77.583,921,2025-03,,,81.3,92.9,69.7
IN009010100,"BANGALORE, IN",12.967,77.583,921,2025-04,,,,92.6,
IN009010100,"BANGALORE, IN",12.967,77.583,921,2025-06,,,,,69.8
IN009010100,"BANGALORE, IN",12.967,77.583,921,2025-07,1.34,3.41,75.3,82.3,68.4
